{
    "symbol1": "COP",
    "symbol2": "SLB",
    "sharpe": 0.5649660832107468,
    "return": 0.1752500004008246,
    "half_life": 10.54747053995633,
    "hedge_ratio": 2.46122722832926,
    "eg_pvalue": 0.04324770509457444
}